Category,Sub Category,Knowledge Base,Knowledge Base Url,Status
Get started,Get started,Get started-OpenClaw,https://docs.openclaw.ai/,Success
Get started,Get started,Get started-Showcase,https://docs.openclaw.ai/start/showcase,Success
Get started,Get started,Get started-Features,https://docs.openclaw.ai/concepts/features,Success
Get started,Get started,Get started-Getting Started,https://docs.openclaw.ai/start/getting-started,Success
Get started,Get started,Get started-Onboarding Overview,https://docs.openclaw.ai/start/onboarding-overview,Success
Get started,Get started,Get started-Onboarding: CLI,https://docs.openclaw.ai/start/wizard,Success
Get started,Get started,Get started-Onboarding: macOS App,https://docs.openclaw.ai/start/onboarding,Success
Get started,Get started,Get started-Personal Assistant Setup,https://docs.openclaw.ai/start/openclaw,Success
Install,Install,Install-Install,https://docs.openclaw.ai/install,Success
Install,Install,Install-Installer Internals,https://docs.openclaw.ai/install/installer,Success
Install,Install,Install-Docker,https://docs.openclaw.ai/install/docker,Success
Install,Install,Install-Podman,https://docs.openclaw.ai/install/podman,Success
Install,Install,Install-Nix,https://docs.openclaw.ai/install/nix,Success
Install,Install,Install-Ansible,https://docs.openclaw.ai/install/ansible,Success
Install,Install,Install-Bun (Experimental),https://docs.openclaw.ai/install/bun,Success
Install,Install,Install-Updating,https://docs.openclaw.ai/install/updating,Success
Install,Install,Install-Migration Guide,https://docs.openclaw.ai/install/migrating,Success
Install,Install,Install-Uninstall,https://docs.openclaw.ai/install/uninstall,Success
Install,Install,Install-Fly.io,https://docs.openclaw.ai/install/fly,Success
Install,Install,Install-Hetzner,https://docs.openclaw.ai/install/hetzner,Success
Install,Install,Install-GCP,https://docs.openclaw.ai/install/gcp,Success
Install,Install,Install-macOS VMs,https://docs.openclaw.ai/install/macos-vm,Success
Install,Install,Install-exe.dev,https://docs.openclaw.ai/install/exe-dev,Success
Install,Install,Install-Deploy on Railway,https://docs.openclaw.ai/install/railway,Success
Install,Install,Install-Deploy on Render,https://docs.openclaw.ai/install/render,Success
Install,Install,Install-Deploy on Northflank,https://docs.openclaw.ai/install/northflank,Success
Install,Install,Install-Development Channels,https://docs.openclaw.ai/install/development-channels,Success
Channels,Channels,Channels-Chat Channels,https://docs.openclaw.ai/channels,Success
Channels,Channels,Channels-WhatsApp,https://docs.openclaw.ai/channels/whatsapp,Success
Channels,Channels,Channels-Telegram,https://docs.openclaw.ai/channels/telegram,Success
Channels,Channels,Channels-Discord,https://docs.openclaw.ai/channels/discord,Success
Channels,Channels,Channels-IRC,https://docs.openclaw.ai/channels/irc,Success
Channels,Channels,Channels-Slack,https://docs.openclaw.ai/channels/slack,Success
Channels,Channels,Channels-Feishu,https://docs.openclaw.ai/channels/feishu,Success
Channels,Channels,Channels-Google Chat,https://docs.openclaw.ai/channels/googlechat,Success
Channels,Channels,Channels-Mattermost,https://docs.openclaw.ai/channels/mattermost,Success
Channels,Channels,Channels-Signal,https://docs.openclaw.ai/channels/signal,Success
Channels,Channels,Channels-iMessage,https://docs.openclaw.ai/channels/imessage,Success
Channels,Channels,Channels-Microsoft Teams,https://docs.openclaw.ai/channels/msteams,Success
Channels,Channels,Channels-LINE,https://docs.openclaw.ai/channels/line,Success
Channels,Channels,Channels-Matrix,https://docs.openclaw.ai/channels/matrix,Success
Channels,Channels,Channels-Zalo,https://docs.openclaw.ai/channels/zalo,Success
Channels,Channels,Channels-Zalo Personal,https://docs.openclaw.ai/channels/zalouser,Success
Channels,Channels,Channels-Pairing,https://docs.openclaw.ai/channels/pairing,Success
Channels,Channels,Channels-Group Messages,https://docs.openclaw.ai/channels/group-messages,Success
Channels,Channels,Channels-Groups,https://docs.openclaw.ai/channels/groups,Success
Channels,Channels,Channels-Broadcast Groups,https://docs.openclaw.ai/channels/broadcast-groups,Success
Channels,Channels,Channels-Channel Routing,https://docs.openclaw.ai/channels/channel-routing,Success
Channels,Channels,Channels-Channel Location Parsing,https://docs.openclaw.ai/channels/location,Success
Channels,Channels,Channels-Channel Troubleshooting,https://docs.openclaw.ai/channels/troubleshooting,Success
Agents,Agents,Agents-Gateway Architecture,https://docs.openclaw.ai/concepts/architecture,Success
Agents,Agents,Agents-Agent Runtime,https://docs.openclaw.ai/concepts/agent,Success
Agents,Agents,Agents-Agent Loop,https://docs.openclaw.ai/concepts/agent-loop,Success
Agents,Agents,Agents-System Prompt,https://docs.openclaw.ai/concepts/system-prompt,Success
Agents,Agents,Agents-Context,https://docs.openclaw.ai/concepts/context,Success
Agents,Agents,Agents-Agent Workspace,https://docs.openclaw.ai/concepts/agent-workspace,Success
Agents,Agents,Agents-OAuth,https://docs.openclaw.ai/concepts/oauth,Success
Agents,Agents,Agents-Bootstrapping,https://docs.openclaw.ai/start/bootstrapping,Success
Agents,Agents,Agents-Session Management,https://docs.openclaw.ai/concepts/session,Success
Agents,Agents,Agents-Sessions,https://docs.openclaw.ai/concepts/sessions,Success
Agents,Agents,Agents-Session Pruning,https://docs.openclaw.ai/concepts/session-pruning,Success
Agents,Agents,Agents-Session Tools,https://docs.openclaw.ai/concepts/session-tool,Success
Agents,Agents,Agents-Memory,https://docs.openclaw.ai/concepts/memory,Success
Agents,Agents,Agents-Compaction,https://docs.openclaw.ai/concepts/compaction,Success
Agents,Agents,Agents-Multi-Agent Routing,https://docs.openclaw.ai/concepts/multi-agent,Success
Agents,Agents,Agents-Presence,https://docs.openclaw.ai/concepts/presence,Success
Agents,Agents,Agents-Messages,https://docs.openclaw.ai/concepts/messages,Success
Agents,Agents,Agents-Streaming and Chunking,https://docs.openclaw.ai/concepts/streaming,Success
Agents,Agents,Agents-Retry Policy,https://docs.openclaw.ai/concepts/retry,Success
Agents,Agents,Agents-Command Queue,https://docs.openclaw.ai/concepts/queue,Success
Tools,Tools,Tools-Tools,https://docs.openclaw.ai/tools,Success
Tools,Tools,Tools-Lobster,https://docs.openclaw.ai/tools/lobster,Success
Tools,Tools,Tools-LLM Task,https://docs.openclaw.ai/tools/llm-task,Success
Tools,Tools,Tools-Exec Tool,https://docs.openclaw.ai/tools/exec,Success
Tools,Tools,Tools-Web Tools,https://docs.openclaw.ai/tools/web,Success
Tools,Tools,Tools-apply_patch Tool,https://docs.openclaw.ai/tools/apply-patch,Success
Tools,Tools,Tools-Elevated Mode,https://docs.openclaw.ai/tools/elevated,Success
Tools,Tools,Tools-Thinking Levels,https://docs.openclaw.ai/tools/thinking,Success
Tools,Tools,Tools-Reactions,https://docs.openclaw.ai/tools/reactions,Success
Tools,Tools,Tools-Browser (OpenClaw-managed),https://docs.openclaw.ai/tools/browser,Success
Tools,Tools,Tools-Browser Login,https://docs.openclaw.ai/tools/browser-login,Success
Tools,Tools,Tools-Chrome Extension,https://docs.openclaw.ai/tools/chrome-extension,Success
Tools,Tools,Tools-Browser Troubleshooting,https://docs.openclaw.ai/tools/browser-linux-troubleshooting,Success
Tools,Tools,Tools-Agent Send,https://docs.openclaw.ai/tools/agent-send,Success
Tools,Tools,Tools-Sub-Agents,https://docs.openclaw.ai/tools/subagents,Success
Tools,Tools,Tools-Multi-Agent Sandbox & Tools,https://docs.openclaw.ai/tools/multi-agent-sandbox-tools,Success
Tools,Tools,Tools-Slash Commands,https://docs.openclaw.ai/tools/slash-commands,Success
Tools,Tools,Tools-Skills,https://docs.openclaw.ai/tools/skills,Success
Tools,Tools,Tools-Skills Config,https://docs.openclaw.ai/tools/skills-config,Success
Tools,Tools,Tools-ClawHub,https://docs.openclaw.ai/tools/clawhub,Success
Tools,Tools,Tools-Plugins,https://docs.openclaw.ai/tools/plugin,Success
Tools,Tools,Tools-Community plugins,https://docs.openclaw.ai/plugins/community,Success
Tools,Tools,Tools-Voice Call Plugin,https://docs.openclaw.ai/plugins/voice-call,Success
Tools,Tools,Tools-Zalo Personal Plugin,https://docs.openclaw.ai/plugins/zalouser,Success
Tools,Tools,Tools-Hooks,https://docs.openclaw.ai/automation/hooks,Success
Tools,Tools,Tools-Cron Jobs,https://docs.openclaw.ai/automation/cron-jobs,Success
Tools,Tools,Tools-Cron vs Heartbeat,https://docs.openclaw.ai/automation/cron-vs-heartbeat,Success
Tools,Tools,Tools-Automation Troubleshooting,https://docs.openclaw.ai/automation/troubleshooting,Success
Tools,Tools,Tools-Webhooks,https://docs.openclaw.ai/automation/webhook,Success
Tools,Tools,Tools-Gmail PubSub,https://docs.openclaw.ai/automation/gmail-pubsub,Success
Tools,Tools,Tools-Polls,https://docs.openclaw.ai/automation/poll,Success
Tools,Tools,Tools-Auth Monitoring,https://docs.openclaw.ai/automation/auth-monitoring,Success
Tools,Tools,Tools-Nodes,https://docs.openclaw.ai/nodes,Success
Tools,Tools,Tools-Node Troubleshooting,https://docs.openclaw.ai/nodes/troubleshooting,Success
Tools,Tools,Tools-Image and Media Support,https://docs.openclaw.ai/nodes/images,Success
Tools,Tools,Tools-Audio and Voice Notes,https://docs.openclaw.ai/nodes/audio,Success
Tools,Tools,Tools-Camera Capture,https://docs.openclaw.ai/nodes/camera,Success
Tools,Tools,Tools-Talk Mode,https://docs.openclaw.ai/nodes/talk,Success
Tools,Tools,Tools-Voice Wake,https://docs.openclaw.ai/nodes/voicewake,Success
Tools,Tools,Tools-Location Command,https://docs.openclaw.ai/nodes/location-command,Success
Models,Models,Models-Model Providers,https://docs.openclaw.ai/providers,Success
Models,Models,Models-Model Provider Quickstart,https://docs.openclaw.ai/providers/models,Success
Models,Models,Models-Models CLI,https://docs.openclaw.ai/concepts/models,Success
Models,Models,Models-Model Providers,https://docs.openclaw.ai/concepts/model-providers,Replaced
Models,Models,Models-Model Failover,https://docs.openclaw.ai/concepts/model-failover,Success
Models,Models,Models-Anthropic,https://docs.openclaw.ai/providers/anthropic,Success
Models,Models,Models-OpenAI,https://docs.openclaw.ai/providers/openai,Success
Models,Models,Models-OpenRouter,https://docs.openclaw.ai/providers/openrouter,Success
Models,Models,Models-Litellm,https://docs.openclaw.ai/providers/litellm,Success
Models,Models,Models-Amazon Bedrock,https://docs.openclaw.ai/providers/bedrock,Success
Models,Models,Models-Vercel AI Gateway,https://docs.openclaw.ai/providers/vercel-ai-gateway,Success
Models,Models,Models-Moonshot AI,https://docs.openclaw.ai/providers/moonshot,Success
Models,Models,Models-MiniMax,https://docs.openclaw.ai/providers/minimax,Success
Models,Models,Models-OpenCode Zen,https://docs.openclaw.ai/providers/opencode,Success
Models,Models,Models-GLM Models,https://docs.openclaw.ai/providers/glm,Success
Models,Models,Models-Z.AI,https://docs.openclaw.ai/providers/zai,Success
Models,Models,Models-Synthetic,https://docs.openclaw.ai/providers/synthetic,Success
Models,Models,Models-Qianfan,https://docs.openclaw.ai/providers/qianfan,Success
Platforms,Platforms,Platforms-Platforms,https://docs.openclaw.ai/platforms,Success
Platforms,Platforms,Platforms-macOS App,https://docs.openclaw.ai/platforms/macos,Success
Platforms,Platforms,Platforms-Linux App,https://docs.openclaw.ai/platforms/linux,Success
Platforms,Platforms,Platforms-Windows (WSL2),https://docs.openclaw.ai/platforms/windows,Success
Platforms,Platforms,Platforms-Android App,https://docs.openclaw.ai/platforms/android,Success
Platforms,Platforms,Platforms-iOS App,https://docs.openclaw.ai/platforms/ios,Success
Platforms,Platforms,Platforms-macOS Dev Setup,https://docs.openclaw.ai/platforms/mac/dev-setup,Success
Platforms,Platforms,Platforms-Menu Bar,https://docs.openclaw.ai/platforms/mac/menu-bar,Success
Platforms,Platforms,Platforms-Voice Wake,https://docs.openclaw.ai/platforms/mac/voicewake,Success
Platforms,Platforms,Platforms-Voice Overlay,https://docs.openclaw.ai/platforms/mac/voice-overlay,Success
Platforms,Platforms,Platforms-WebChat,https://docs.openclaw.ai/platforms/mac/webchat,Success
Platforms,Platforms,Platforms-Canvas,https://docs.openclaw.ai/platforms/mac/canvas,Success
Platforms,Platforms,Platforms-Gateway Lifecycle,https://docs.openclaw.ai/platforms/mac/child-process,Success
Platforms,Platforms,Platforms-Health Checks,https://docs.openclaw.ai/platforms/mac/health,Success
Platforms,Platforms,Platforms-Menu Bar Icon,https://docs.openclaw.ai/platforms/mac/icon,Success
Platforms,Platforms,Platforms-macOS Logging,https://docs.openclaw.ai/platforms/mac/logging,Success
Platforms,Platforms,Platforms-macOS Permissions,https://docs.openclaw.ai/platforms/mac/permissions,Success
Platforms,Platforms,Platforms-Remote Control,https://docs.openclaw.ai/platforms/mac/remote,Success
Platforms,Platforms,Platforms-macOS Signing,https://docs.openclaw.ai/platforms/mac/signing,Success
Platforms,Platforms,Platforms-macOS Release,https://docs.openclaw.ai/platforms/mac/release,Success
Platforms,Platforms,Platforms-Gateway on macOS,https://docs.openclaw.ai/platforms/mac/bundled-gateway,Success
Platforms,Platforms,Platforms-macOS IPC,https://docs.openclaw.ai/platforms/mac/xpc,Success
Platforms,Platforms,Platforms-Skills,https://docs.openclaw.ai/platforms/mac/skills,Success
Platforms,Platforms,Platforms-Peekaboo Bridge,https://docs.openclaw.ai/platforms/mac/peekaboo,Success
Gateway & Ops,Gateway & Ops,Gateway & Ops-Gateway Runbook,https://docs.openclaw.ai/gateway,Success
Gateway & Ops,Configuration and operations,Gateway & Ops-Configuration,https://docs.openclaw.ai/gateway/configuration,Success
Gateway & Ops,Configuration and operations,Gateway & Ops-Configuration Reference,https://docs.openclaw.ai/gateway/configuration-reference,Success
Gateway & Ops,Configuration and operations,Gateway & Ops-Configuration Examples,https://docs.openclaw.ai/gateway/configuration-examples,Success
Gateway & Ops,Configuration and operations,Gateway & Ops-Authentication,https://docs.openclaw.ai/gateway/authentication,Success
Gateway & Ops,Configuration and operations,Gateway & Ops-Trusted proxy auth,https://docs.openclaw.ai/gateway/trusted-proxy-auth,Success
Gateway & Ops,Configuration and operations,Gateway & Ops-Health Checks,https://docs.openclaw.ai/gateway/health,Success
Gateway & Ops,Configuration and operations,Gateway & Ops-Heartbeat,https://docs.openclaw.ai/gateway/heartbeat,Success
Gateway & Ops,Configuration and operations,Gateway & Ops-Doctor,https://docs.openclaw.ai/gateway/doctor,Success
Gateway & Ops,Configuration and operations,Gateway & Ops-Logging,https://docs.openclaw.ai/gateway/logging,Success
Gateway & Ops,Configuration and operations,Gateway & Ops-Gateway Lock,https://docs.openclaw.ai/gateway/gateway-lock,Success
Gateway & Ops,Configuration and operations,Gateway & Ops-Background Exec and Process Tool,https://docs.openclaw.ai/gateway/background-process,Success
Gateway & Ops,Configuration and operations,Gateway & Ops-Multiple Gateways,https://docs.openclaw.ai/gateway/multiple-gateways,Success
Gateway & Ops,Configuration and operations,Gateway & Ops-Troubleshooting,https://docs.openclaw.ai/gateway/troubleshooting,Success
Gateway & Ops,Security and sandboxing,Gateway & Ops-Security,https://docs.openclaw.ai/gateway/security,Success
Gateway & Ops,Security and sandboxing,Gateway & Ops-Sandboxing,https://docs.openclaw.ai/gateway/sandboxing,Success
Gateway & Ops,Security and sandboxing,Gateway & Ops-Sandbox vs Tool Policy vs Elevated,https://docs.openclaw.ai/gateway/sandbox-vs-tool-policy-vs-elevated,Success
Gateway & Ops,Protocols and APIs,Gateway & Ops-Gateway Protocol,https://docs.openclaw.ai/gateway/protocol,Success
Gateway & Ops,Protocols and APIs,Gateway & Ops-Bridge Protocol,https://docs.openclaw.ai/gateway/bridge-protocol,Success
Gateway & Ops,Protocols and APIs,Gateway & Ops-OpenAI Chat Completions,https://docs.openclaw.ai/gateway/openai-http-api,Success
Gateway & Ops,Protocols and APIs,Gateway & Ops-Tools Invoke API,https://docs.openclaw.ai/gateway/tools-invoke-http-api,Success
Gateway & Ops,Protocols and APIs,Gateway & Ops-CLI Backends,https://docs.openclaw.ai/gateway/cli-backends,Success
Gateway & Ops,Protocols and APIs,Gateway & Ops-Local Models,https://docs.openclaw.ai/gateway/local-models,Success
Gateway & Ops,Networking and discovery,Gateway & Ops-Network model,https://docs.openclaw.ai/gateway/network-model,Success
Gateway & Ops,Networking and discovery,Gateway & Ops-Gateway-Owned Pairing,https://docs.openclaw.ai/gateway/pairing,Success
Gateway & Ops,Networking and discovery,Gateway & Ops-Discovery and Transports,https://docs.openclaw.ai/gateway/discovery,Success
Gateway & Ops,Networking and discovery,Gateway & Ops-Bonjour Discovery,https://docs.openclaw.ai/gateway/bonjour,Success
Gateway & Ops,Gateway & Ops,Gateway & Ops-Remote Access,https://docs.openclaw.ai/gateway/remote,Success
Gateway & Ops,Gateway & Ops,Gateway & Ops-Remote Gateway Setup,https://docs.openclaw.ai/gateway/remote-gateway-readme,Success
Gateway & Ops,Gateway & Ops,Gateway & Ops-Tailscale,https://docs.openclaw.ai/gateway/tailscale,Success
Gateway & Ops,Gateway & Ops,Gateway & Ops-Formal Verification (Security Models),https://docs.openclaw.ai/security/formal-verification,Success
Gateway & Ops,Gateway & Ops,Gateway & Ops-Web,https://docs.openclaw.ai/web,Success
Gateway & Ops,Gateway & Ops,Gateway & Ops-Control UI,https://docs.openclaw.ai/web/control-ui,Success
Gateway & Ops,Gateway & Ops,Gateway & Ops-Dashboard,https://docs.openclaw.ai/web/dashboard,Success
Gateway & Ops,Gateway & Ops,Gateway & Ops-WebChat,https://docs.openclaw.ai/web/webchat,Success
Gateway & Ops,Gateway & Ops,Gateway & Ops-TUI,https://docs.openclaw.ai/web/tui,Success
Reference,Reference,Reference-CLI Reference,https://docs.openclaw.ai/cli,Success
Reference,Reference,Reference-agent,https://docs.openclaw.ai/cli/agent,Success
Reference,Reference,Reference-agents,https://docs.openclaw.ai/cli/agents,Success
Reference,Reference,Reference-approvals,https://docs.openclaw.ai/cli/approvals,Success
Reference,Reference,Reference-browser,https://docs.openclaw.ai/cli/browser,Success
Reference,Reference,Reference-channels,https://docs.openclaw.ai/cli/channels,Success
Reference,Reference,Reference-configure,https://docs.openclaw.ai/cli/configure,Success
Reference,Reference,Reference-cron,https://docs.openclaw.ai/cli/cron,Success
Reference,Reference,Reference-dashboard,https://docs.openclaw.ai/cli/dashboard,Success
Reference,Reference,Reference-directory,https://docs.openclaw.ai/cli/directory,Success
Reference,Reference,Reference-dns,https://docs.openclaw.ai/cli/dns,Success
Reference,Reference,Reference-docs,https://docs.openclaw.ai/cli/docs,Success
Reference,Reference,Reference-doctor,https://docs.openclaw.ai/cli/doctor,Success
Reference,Reference,Reference-gateway,https://docs.openclaw.ai/cli/gateway,Success
Reference,Reference,Reference-health,https://docs.openclaw.ai/cli/health,Success
Reference,Reference,Reference-hooks,https://docs.openclaw.ai/cli/hooks,Success
Reference,Reference,Reference-logs,https://docs.openclaw.ai/cli/logs,Success
Reference,Reference,Reference-memory,https://docs.openclaw.ai/cli/memory,Success
Reference,Reference,Reference-message,https://docs.openclaw.ai/cli/message,Success
Reference,Reference,Reference-models,https://docs.openclaw.ai/cli/models,Success
Reference,Reference,Reference-nodes,https://docs.openclaw.ai/cli/nodes,Success
Reference,Reference,Reference-onboard,https://docs.openclaw.ai/cli/onboard,Success
Reference,Reference,Reference-pairing,https://docs.openclaw.ai/cli/pairing,Success
Reference,Reference,Reference-plugins,https://docs.openclaw.ai/cli/plugins,Success
Reference,Reference,Reference-reset,https://docs.openclaw.ai/cli/reset,Success
Reference,Reference,Reference-Sandbox CLI,https://docs.openclaw.ai/cli/sandbox,Success
Reference,Reference,Reference-security,https://docs.openclaw.ai/cli/security,Success
Reference,Reference,Reference-sessions,https://docs.openclaw.ai/cli/sessions,Success
Reference,Reference,Reference-setup,https://docs.openclaw.ai/cli/setup,Success
Reference,Reference,Reference-skills,https://docs.openclaw.ai/cli/skills,Success
Reference,Reference,Reference-status,https://docs.openclaw.ai/cli/status,Success
Reference,Reference,Reference-system,https://docs.openclaw.ai/cli/system,Success
Reference,Reference,Reference-tui,https://docs.openclaw.ai/cli/tui,Success
Reference,Reference,Reference-uninstall,https://docs.openclaw.ai/cli/uninstall,Success
Reference,Reference,Reference-update,https://docs.openclaw.ai/cli/update,Success
Reference,Reference,Reference-voicecall,https://docs.openclaw.ai/cli/voicecall,Success
Reference,Reference,Reference-RPC Adapters,https://docs.openclaw.ai/reference/rpc,Success
Reference,Reference,Reference-Device Model Database,https://docs.openclaw.ai/reference/device-models,Success
Reference,Reference,Reference-Default AGENTS.md,https://docs.openclaw.ai/reference/AGENTS.default,Success
Reference,Reference,Reference-AGENTS.md Template,https://docs.openclaw.ai/reference/templates/AGENTS,Success
Reference,Reference,Reference-BOOT.md Template,https://docs.openclaw.ai/reference/templates/BOOT,Success
Reference,Reference,Reference-BOOTSTRAP.md Template,https://docs.openclaw.ai/reference/templates/BOOTSTRAP,Success
Reference,Reference,Reference-HEARTBEAT.md Template,https://docs.openclaw.ai/reference/templates/HEARTBEAT,Success
Reference,Reference,Reference-IDENTITY,https://docs.openclaw.ai/reference/templates/IDENTITY,Success
Reference,Reference,Reference-SOUL.md Template,https://docs.openclaw.ai/reference/templates/SOUL,Success
Reference,Reference,Reference-TOOLS.md Template,https://docs.openclaw.ai/reference/templates/TOOLS,Success
Reference,Reference,Reference-USER,https://docs.openclaw.ai/reference/templates/USER,Success
Reference,Reference,Reference-Wizard Reference,https://docs.openclaw.ai/reference/wizard,Success
Reference,Reference,Reference-Token Use and Costs,https://docs.openclaw.ai/reference/token-use,Success
Reference,Reference,Reference-grammY,https://docs.openclaw.ai/channels/grammy,Success
Reference,Reference,Reference-TypeBox,https://docs.openclaw.ai/concepts/typebox,Success
Reference,Reference,Reference-Markdown Formatting,https://docs.openclaw.ai/concepts/markdown-formatting,Success
Reference,Reference,Reference-Typing Indicators,https://docs.openclaw.ai/concepts/typing-indicators,Success
Reference,Reference,Reference-Usage Tracking,https://docs.openclaw.ai/concepts/usage-tracking,Success
Reference,Reference,Reference-Timezones,https://docs.openclaw.ai/concepts/timezone,Success
Reference,Reference,Reference-Credits,https://docs.openclaw.ai/reference/credits,Success
Reference,Reference,Reference-Release Checklist,https://docs.openclaw.ai/reference/RELEASING,Success
Reference,Reference,Reference-Tests,https://docs.openclaw.ai/reference/test,Success
Reference,Reference,Reference-Onboarding and Config Protocol,https://docs.openclaw.ai/experiments/onboarding-config-protocol,Success
Reference,Reference,Reference-Cron Add Hardening,https://docs.openclaw.ai/experiments/plans/cron-add-hardening,Success
Reference,Reference,Reference-Telegram Allowlist Hardening,https://docs.openclaw.ai/experiments/plans/group-policy-hardening,Success
Reference,Reference,Reference-Workspace Memory Research,https://docs.openclaw.ai/experiments/research/memory,Success
Reference,Reference,Reference-Model Config Exploration,https://docs.openclaw.ai/experiments/proposals/model-config,Success
Help,Help,Help-Help,https://docs.openclaw.ai/help,Success
Help,Help,Help-Troubleshooting,https://docs.openclaw.ai/help/troubleshooting,Success
Help,Help,Help-FAQ,https://docs.openclaw.ai/help/faq,Success
Help,Help,Help-OpenClaw Lore,https://docs.openclaw.ai/start/lore,Success
Help,Help,Help-Environment Variables,https://docs.openclaw.ai/help/environment,Success
Help,Help,Help-Debugging,https://docs.openclaw.ai/help/debugging,Success
Help,Help,Help-Testing,https://docs.openclaw.ai/help/testing,Success
Help,Help,Help-Scripts,https://docs.openclaw.ai/help/scripts,Success
Help,Help,Help-Node.js,https://docs.openclaw.ai/install/node,Success
Help,Help,Help-Session Management Deep Dive,https://docs.openclaw.ai/reference/session-management-compaction,Success
Help,Help,Help-Setup,https://docs.openclaw.ai/start/setup,Success
Help,Help,Help-CI Pipeline,https://docs.openclaw.ai/ci,Success
Help,Help,Help-Docs Hubs,https://docs.openclaw.ai/start/hubs,Success
Help,Help,Help-Docs directory,https://docs.openclaw.ai/start/docs-directory,Success
